"","Model name","Variable","Posterior mean","Lower 95% CI","Upper 95% CI","Effective sample size","pMCMC","Effect"
"latitude.m.1","Latitude - mu","(Intercept)",0.00263852243575245,0.000243081112785148,0.00518744434521068,18000,0.0373333333333334,"fixed"
"latitude.m.2","Latitude - mu","Decimal.Latitude",1.08751890584385e-05,-4.14845708291978e-05,6.07279580435716e-05,18000,0.687,"fixed"
"latitude.m.3","Latitude - mu","units",0.00288491352151929,0.00278935736284604,0.00297763591584014,15773.8573976976,NA,"residual"
"system.m.1","Realm - mu","systemFreshwater",0.00256569135550035,-0.000903794039913919,0.00610237414366566,18000.0000000001,0.146222222222222,"fixed"
"system.m.2","Realm - mu","systemMarine",0.00370668149331513,0.000307318063278217,0.00693073529691901,18596.8539579481,0.0285555555555554,"fixed"
"system.m.3","Realm - mu","systemTerrestrial",0.00281937753464246,0.000232945283642039,0.00543229397953837,18000,0.0346666666666666,"fixed"
"system.m.4","Realm - mu","units",0.00288366968483677,0.00279243724145086,0.0029811953625333,16323.6707501729,NA,"residual"
"system.m.var.1","Realm - weighted","systemFreshwater",0.00360161623334725,-0.00140897950768704,0.0085492394209723,18000,0.155666666666667,"fixed"
"system.m.var.2","Realm - weighted","systemMarine",0.00329714562426425,-0.00154436648881529,0.00790107714419719,17999.9999999999,0.167888888888889,"fixed"
"system.m.var.3","Realm - weighted","systemTerrestrial",0.0033751415240617,1.13627902464941e-05,0.00688125644228421,18000.0000000001,0.0525555555555555,"fixed"
"system.m.var.4","Realm - weighted","units",0.00295812562836296,0.00281105533581603,0.00309087112238846,13851.3840925715,NA,"residual"
"system.m2.1","Realm - slope","systemFreshwater",0.0055582668897325,-0.000237452150031459,0.0116733193790424,17999.9999999998,0.0673333333333332,"fixed"
"system.m2.2","Realm - slope","systemMarine",0.00322997180731467,-0.00247841217787936,0.00882938747599837,18000,0.262666666666667,"fixed"
"system.m2.3","Realm - slope","systemTerrestrial",0.00358203072301701,-0.00089221223606728,0.00801560068066465,18000,0.114,"fixed"
"system.m2.4","Realm - slope","units",0.00807237979504464,0.00781240780832128,0.00834474122226226,15949.9556213906,NA,"residual"
"system.m.sigma.1","Realm - fluctuations sigma","systemTerrestrial",0.0222856996751222,0.0204760818414798,0.0241086544119753,16584.4661179784,5.55555555555556e-05,"fixed"
"system.m.sigma.2","Realm - fluctuations sigma","systemMarine",0.0279356619932712,0.0255980340298265,0.0303343464183854,21131.0684853972,5.55555555555556e-05,"fixed"
"system.m.sigma.3","Realm - fluctuations sigma","systemFreshwater",0.0277108786868353,0.025161530043988,0.0301403766279691,17579.4083691911,5.55555555555556e-05,"fixed"
"system.m.sigma.4","Realm - fluctuations sigma","units",0.0016221707556426,0.00156887645425813,0.00167753215149041,15086.3999432824,NA,"residual"
"system.m.ci.1","Realm - fluctuations CI","systemFreshwater",0.143901409120116,0.135860424448765,0.152291791440803,18000,5.55555555555556e-05,"fixed"
"system.m.ci.2","Realm - fluctuations CI","systemMarine",0.147541798277405,0.139850445615593,0.15522786994552,18000,5.55555555555556e-05,"fixed"
"system.m.ci.3","Realm - fluctuations CI","systemTerrestrial",0.117565967205635,0.111176371079637,0.12361541215796,18000,5.55555555555556e-05,"fixed"
"system.m.ci.4","Realm - fluctuations CI","units",0.0115582222844703,0.0111932567278128,0.0119450911007034,17554.898794263,NA,"residual"
"system.m.ci.var.1","Realm - fluctuations CI weighted","systemTerrestrial",0.130419562127615,0.122380821296247,0.138397348768194,18000,5.55555555555556e-05,"fixed"
"system.m.ci.var.2","Realm - fluctuations CI weighted","systemMarine",0.169363326777559,0.159296792955502,0.179748011025367,18000,5.55555555555556e-05,"fixed"
"system.m.ci.var.3","Realm - fluctuations CI weighted","systemFreshwater",0.169765934472295,0.15899283120234,0.180949362173124,16896.4781965289,5.55555555555556e-05,"fixed"
"system.m.ci.var.4","Realm - fluctuations CI weighted","units",0.0109365778974113,0.0104651861923018,0.0113969215545593,17999.9999999999,NA,"residual"
"system.m.se.1","Realm - fluctuations SE","systemFreshwater",0.134596006669152,0.125898375132238,0.143446169007802,18000,5.55555555555556e-05,"fixed"
"system.m.se.2","Realm - fluctuations SE","systemMarine",0.139105259285432,0.130936133406067,0.147510779701406,18000.0000000001,5.55555555555556e-05,"fixed"
"system.m.se.3","Realm - fluctuations SE","systemTerrestrial",0.108991253994138,0.101959218663978,0.115443285845686,18439.5626438192,5.55555555555556e-05,"fixed"
"system.m.se.4","Realm - fluctuations SE","units",0.0115054740983168,0.0111369239046898,0.0118838096083002,18000.0000000001,NA,"residual"
"system.m.sd.1","Realm - fluctuations SD","systemFreshwater",0.563253446381396,0.557179237832315,0.569404568217578,17999.9999999999,5.55555555555556e-05,"fixed"
"system.m.sd.2","Realm - fluctuations SD","systemMarine",0.567724008653784,0.561984545056475,0.573411014687736,18000.0000000001,5.55555555555556e-05,"fixed"
"system.m.sd.3","Realm - fluctuations SD","systemTerrestrial",0.54707728225963,0.542485477024456,0.551696528804314,18000,5.55555555555556e-05,"fixed"
"system.m.sd.4","Realm - fluctuations SD","units",0.00776124576786959,0.00751263383141417,0.00800439326802416,16850.157005972,NA,"residual"
"biome.m.1","Biome - mu","biomeBoreal forests/taiga",0.00242132761075926,-0.00159147668455262,0.006269660894759,18663.7583699196,0.234888888888889,"fixed"
"biome.m.2","Biome - mu","biomeDeserts and xeric shrublands",-0.00565704675401066,-0.0225682004456758,0.0117551220173482,18000,0.526222222222222,"fixed"
"biome.m.3","Biome - mu","biomeTrop. and subtrop. grasslands savannas and shrublands",-0.00949374093235088,-0.0193438875139691,0.000372561833501095,18000,0.0607777777777778,"fixed"
"biome.m.4","Biome - mu","biomeLarge lakes",0.00346134200648476,-0.0047747823955433,0.011705913420883,18000,0.405222222222222,"fixed"
"biome.m.5","Biome - mu","biomeMediterranean forests woodlands and scrub",0.00549831411860842,-0.00262288727390114,0.0136356767470716,18000,0.187888888888889,"fixed"
"biome.m.6","Biome - mu","biomeMontane freshwaters",0.0113799155316339,-0.0276129395206226,0.0511278325284366,18000,0.574444444444445,"fixed"
"biome.m.7","Biome - mu","biomeMontane grasslands and shrublands",0.0303571537032489,0.0104417899565306,0.0504916211939417,18000,0.00333333333333341,"fixed"
"biome.m.8","Biome - mu","biomePolar freshwaters",0.00433293873281928,-0.00347121929917193,0.0115457608480938,18000.0000000001,0.258444444444444,"fixed"
"biome.m.9","Biome - mu","biomePolar seas",-0.0106742597342854,-0.0351948084571632,0.0139052863232791,18000,0.396888888888889,"fixed"
"biome.m.10","Biome - mu","biomeTemperate forests",0.00173848115750662,-0.00154108311835444,0.00529600912705064,17999.9999999999,0.318,"fixed"
"biome.m.11","Biome - mu","biomeTemperate wetlands and rivers",0.00247746296703539,-0.00150954324635677,0.00651865940744756,18000,0.225777777777778,"fixed"
"biome.m.12","Biome - mu","biomeTemperate grasslands savannas and shrublands",-0.00390037182405351,-0.0105171320901718,0.00261845164641272,18000,0.247444444444444,"fixed"
"biome.m.13","Biome - mu","biomeTropical wetlands and rivers",0.00170649855159405,-0.0074106763349846,0.0112445468766964,18000,0.725,"fixed"
"biome.m.14","Biome - mu","biomeTropical and subtropical forests",0.017738283492995,0.00919586920645088,0.0267615068369196,18000,0.000111111111111173,"fixed"
"biome.m.15","Biome - mu","biomeTropical coral",0.0243780790011145,0.0122271119907964,0.0368807703489438,18000.0000000001,0.000111111111111173,"fixed"
"biome.m.16","Biome - mu","biomeTundra",0.00672254165848176,-0.00166402735339943,0.0147639113565674,19239.4807205995,0.111222222222222,"fixed"
"biome.m.17","Biome - mu","biomeXeric freshwaters and endorheic basins",-0.00170677629639244,-0.0170782112563757,0.0132668592268601,18000,0.830666666666667,"fixed"
"biome.m.18","Biome - mu","units",0.00266250582486427,0.00255969738404015,0.0027631116096357,15790.3724776867,NA,"residual"
"biome.m.var.1","Biome - slope","biomeBoreal forests/taiga",0.00170255100581758,-0.00365715334191918,0.00692845968296751,18000,0.523333333333333,"fixed"
"biome.m.var.2","Biome - slope","biomeDeserts and xeric shrublands",-0.0265947800486643,-0.0502360937061894,-0.00245627801632509,18000,0.0313333333333333,"fixed"
"biome.m.var.3","Biome - slope","biomeTrop. and subtrop. grasslands savannas and shrublands",-0.0166918949043847,-0.0302916093496606,-0.0037379463101388,18000.0000000001,0.014,"fixed"
"biome.m.var.4","Biome - slope","biomeLarge lakes",0.00171839058975482,-0.0103178018980543,0.014983364395448,18781.4449211223,0.792222222222222,"fixed"
"biome.m.var.5","Biome - slope","biomeMediterranean forests woodlands and scrub",0.0102498571113991,-0.00195468659512699,0.0230389262142126,17609.8926451841,0.108888888888889,"fixed"
"biome.m.var.6","Biome - slope","biomeMontane freshwaters",0.0209603843456287,-0.0339345168031286,0.0743587539764121,18000,0.445,"fixed"
"biome.m.var.7","Biome - slope","biomeMontane grasslands and shrublands",0.0207561142251346,-0.00510687943096855,0.0462087900959887,17223.9381199046,0.114777777777778,"fixed"
"biome.m.var.8","Biome - slope","biomePolar freshwaters",0.0025458537119588,-0.00911844178335741,0.0142626477463637,18000,0.660111111111111,"fixed"
"biome.m.var.9","Biome - slope","biomePolar seas",-0.0155616617452387,-0.0461382085923105,0.0149710915284231,17196.0330459786,0.319777777777778,"fixed"
"biome.m.var.10","Biome - slope","biomeTemperate forests",0.00326216169992678,-0.00131243134455872,0.00778736865959218,17408.2621865102,0.164666666666667,"fixed"
"biome.m.var.11","Biome - slope","biomeTemperate wetlands and rivers",0.00438853140247019,-0.00118834014574531,0.00991088549926644,18000,0.123,"fixed"
"biome.m.var.12","Biome - slope","biomeTemperate grasslands savannas and shrublands",-0.00125402520253594,-0.0102884422813077,0.0074835224513663,18000,0.779888888888889,"fixed"
"biome.m.var.13","Biome - slope","biomeTropical wetlands and rivers",0.00263932571965232,-0.0112658875987108,0.0164551307680085,18000,0.712777777777778,"fixed"
"biome.m.var.14","Biome - slope","biomeTropical and subtropical forests",0.0251773515621825,0.0120698409118631,0.0375792345639638,17559.7897317098,0.000222222222222124,"fixed"
"biome.m.var.15","Biome - slope","biomeTropical coral",0.0357509231312823,0.0194045101015945,0.0515868418369791,18000,5.55555555555556e-05,"fixed"
"biome.m.var.16","Biome - slope","biomeTundra",0.0131345688093522,-0.000288702220132109,0.0257401630078675,17563.3832096031,0.0477777777777777,"fixed"
"biome.m.var.17","Biome - slope","biomeXeric freshwaters and endorheic basins",0.0138254895849169,-0.01010439836773,0.038056242687162,18256.6740135962,0.265111111111111,"fixed"
"biome.m.var.18","Biome - slope","units",0.0027348639185375,0.00258185787925373,0.00288498834190868,13753.2374904187,NA,"residual"
"biome.m2.1","Biome - weighted","biomeBoreal forests/taiga",0.00341551880903766,-0.00343027838971466,0.0101744346538908,18000.0000000001,0.334,"fixed"
"biome.m2.2","Biome - weighted","biomeDeserts and xeric shrublands",-0.0190926030204751,-0.0490740507084411,0.0105884902004618,18000,0.207555555555556,"fixed"
"biome.m2.3","Biome - weighted","biomeTrop. and subtrop. grasslands savannas and shrublands",-0.00410002946575481,-0.0207671285897959,0.0132551863935078,18000,0.634555555555556,"fixed"
"biome.m2.4","Biome - weighted","biomeLarge lakes",0.00685706782002953,-0.00674745943251764,0.0214523057366023,18000,0.336444444444445,"fixed"
"biome.m2.5","Biome - weighted","biomeMediterranean forests woodlands and scrub",0.00587195898526061,-0.0077936163143022,0.0197831251716707,19169.7426924491,0.401777777777778,"fixed"
"biome.m2.6","Biome - weighted","biomeMontane freshwaters",0.0226404154968218,-0.0435707966639711,0.0942848437989596,18000.0000000001,0.521111111111111,"fixed"
"biome.m2.7","Biome - weighted","biomeMontane grasslands and shrublands",0.0370694031384916,0.00329940572555643,0.0712873024822329,20405.4284499494,0.0327777777777778,"fixed"
"biome.m2.8","Biome - weighted","biomePolar freshwaters",0.0121038335955937,-0.00100901746191084,0.0247245516156909,18000,0.0692222222222223,"fixed"
"biome.m2.9","Biome - weighted","biomePolar seas",-0.0232679814003995,-0.0660619450791273,0.01830092840828,17999.9999999999,0.291555555555556,"fixed"
"biome.m2.10","Biome - weighted","biomeTemperate forests",0.0033179734191937,-0.00254327843867941,0.00907291254407028,18000.0000000001,0.264666666666667,"fixed"
"biome.m2.11","Biome - weighted","biomeTemperate wetlands and rivers",0.00491358715405267,-0.00215306315385533,0.0118046766365296,17584.5418728569,0.169111111111111,"fixed"
"biome.m2.12","Biome - weighted","biomeTemperate grasslands savannas and shrublands",-0.00808841501302973,-0.0189127774865483,0.0036384402483236,18000,0.160888888888889,"fixed"
"biome.m2.13","Biome - weighted","biomeTropical wetlands and rivers",0.00594805036930366,-0.0104810412231018,0.0218250845609873,17999.9999999999,0.472777777777778,"fixed"
"biome.m2.14","Biome - weighted","biomeTropical and subtropical forests",0.014031735055142,-0.00105758785502985,0.0290763564153167,18000,0.068111111111111,"fixed"
"biome.m2.15","Biome - weighted","biomeTropical coral",0.0391849302200383,0.0181529679539381,0.0598205783462618,18000,0.000333333333333297,"fixed"
"biome.m2.16","Biome - weighted","biomeTundra",0.0130150004353152,-0.000682095298543572,0.0273466542075766,18000.0000000001,0.0714444444444444,"fixed"
"biome.m2.17","Biome - weighted","biomeXeric freshwaters and endorheic basins",-0.0214905429774675,-0.0481611514260294,0.00338138814549893,18000,0.0986666666666667,"fixed"
"biome.m2.18","Biome - weighted","units",0.00763720496417194,0.00733821686247161,0.007925521121868,16533.1485664809,NA,"residual"
"biome.m.sigma.1","Biome - fluctuations sigma","biomeBoreal forests/taiga",0.0176669297963281,0.0147757799168176,0.0205643187000533,18000,5.55555555555556e-05,"fixed"
"biome.m.sigma.2","Biome - fluctuations sigma","biomeDeserts and xeric shrublands",0.0443911594138449,0.0313552742009051,0.0574311681266408,18000,5.55555555555556e-05,"fixed"
"biome.m.sigma.3","Biome - fluctuations sigma","biomeTrop. and subtrop. grasslands savannas and shrublands",0.0439707621023512,0.0368476267321967,0.0512648877338506,17999.9999999999,5.55555555555556e-05,"fixed"
"biome.m.sigma.4","Biome - fluctuations sigma","biomeLarge lakes",0.0241655983912579,0.0179476710691233,0.0303043557960336,18000,5.55555555555556e-05,"fixed"
"biome.m.sigma.5","Biome - fluctuations sigma","biomeMediterranean forests woodlands and scrub",0.0219403110634382,0.0157193883205764,0.028119310591137,18000,5.55555555555556e-05,"fixed"
"biome.m.sigma.6","Biome - fluctuations sigma","biomeMontane freshwaters",0.0465182824517488,0.0180867420494906,0.0754705778526841,18000,0.00111111111111106,"fixed"
"biome.m.sigma.7","Biome - fluctuations sigma","biomeMontane grasslands and shrublands",0.0309368175365152,0.0160546827828512,0.0462418870883994,17999.9999999999,5.55555555555556e-05,"fixed"
"biome.m.sigma.8","Biome - fluctuations sigma","biomePolar freshwaters",0.0271213184373589,0.0213967738309293,0.0326003104928532,17652.2938284587,5.55555555555556e-05,"fixed"
"biome.m.sigma.9","Biome - fluctuations sigma","biomePolar seas",0.0367686331575134,0.0186010392753815,0.0549828898510896,17689.0445314742,5.55555555555556e-05,"fixed"
"biome.m.sigma.10","Biome - fluctuations sigma","biomeTemperate forests",0.0192227016022794,0.0166865510400385,0.0216514361381996,17788.55619322,5.55555555555556e-05,"fixed"
"biome.m.sigma.11","Biome - fluctuations sigma","biomeTemperate wetlands and rivers",0.0243922505241212,0.0215250171313528,0.0272781255480368,18000,5.55555555555556e-05,"fixed"
"biome.m.sigma.12","Biome - fluctuations sigma","biomeTemperate grasslands savannas and shrublands",0.0150626544782507,0.010138299287064,0.0201821923237731,18000,5.55555555555556e-05,"fixed"
"biome.m.sigma.13","Biome - fluctuations sigma","biomeTropical wetlands and rivers",0.0463086081365567,0.0394536563617294,0.0535485044092638,18000,5.55555555555556e-05,"fixed"
"biome.m.sigma.14","Biome - fluctuations sigma","biomeTropical and subtropical forests",0.041451562750874,0.0349203406658489,0.0482933874009177,17508.0926192794,5.55555555555556e-05,"fixed"
"biome.m.sigma.15","Biome - fluctuations sigma","biomeTropical coral",0.0286228943311016,0.0196353825340339,0.0377172687440179,18000.0000000001,5.55555555555556e-05,"fixed"
"biome.m.sigma.16","Biome - fluctuations sigma","biomeTundra",0.0200595417799548,0.0137091713422706,0.026325586171879,18497.3470433173,5.55555555555556e-05,"fixed"
"biome.m.sigma.17","Biome - fluctuations sigma","biomeXeric freshwaters and endorheic basins",0.0392582553644767,0.0278422209376004,0.0516940003217314,18844.561262893,5.55555555555556e-05,"fixed"
"biome.m.sigma.18","Biome - fluctuations sigma","units",0.00166464001134893,0.0016025793956394,0.00173079179057959,14439.6393445725,NA,"residual"
"biome.m.ci.1","Biome - fluctuations CI","biomeBoreal forests/taiga",0.0909830207951663,0.0825415159997647,0.100077582017548,17999.9999999999,5.55555555555556e-05,"fixed"
"biome.m.ci.2","Biome - fluctuations CI","biomeDeserts and xeric shrublands",0.210188058643333,0.173330281540984,0.246934513677843,17389.2100855121,5.55555555555556e-05,"fixed"
"biome.m.ci.3","Biome - fluctuations CI","biomeTrop. and subtrop. grasslands savannas and shrublands",0.199771213941362,0.177733166179678,0.221510231065167,18000.0000000001,5.55555555555556e-05,"fixed"
"biome.m.ci.4","Biome - fluctuations CI","biomeLarge lakes",0.11244869482316,0.0953728084568866,0.130218004283961,18000,5.55555555555556e-05,"fixed"
"biome.m.ci.5","Biome - fluctuations CI","biomeMediterranean forests woodlands and scrub",0.132292845867629,0.115363340810291,0.149851857626345,18000,5.55555555555556e-05,"fixed"
"biome.m.ci.6","Biome - fluctuations CI","biomeMontane freshwaters",0.197382041577278,0.10824422648875,0.285536891868105,18000,5.55555555555556e-05,"fixed"
"biome.m.ci.7","Biome - fluctuations CI","biomeMontane grasslands and shrublands",0.162753255317917,0.120595387706999,0.205590491073735,18000,5.55555555555556e-05,"fixed"
"biome.m.ci.8","Biome - fluctuations CI","biomePolar freshwaters",0.147349715171535,0.131640979918302,0.164031689164403,18000.0000000001,5.55555555555556e-05,"fixed"
"biome.m.ci.9","Biome - fluctuations CI","biomePolar seas",0.146306394780358,0.0957531607673445,0.204088975824561,17893.9684638345,5.55555555555556e-05,"fixed"
"biome.m.ci.10","Biome - fluctuations CI","biomeTemperate forests",0.0993108102479767,0.0914620499243028,0.106718026319868,18000.0000000001,5.55555555555556e-05,"fixed"
"biome.m.ci.11","Biome - fluctuations CI","biomeTemperate wetlands and rivers",0.131716596746081,0.122922753780585,0.141212086644373,18000,5.55555555555556e-05,"fixed"
"biome.m.ci.12","Biome - fluctuations CI","biomeTemperate grasslands savannas and shrublands",0.0915320983536947,0.0773160495446064,0.105617855981109,18000,5.55555555555556e-05,"fixed"
"biome.m.ci.13","Biome - fluctuations CI","biomeTropical wetlands and rivers",0.218570688418805,0.197725340229226,0.239025551170926,17999.9999999999,5.55555555555556e-05,"fixed"
"biome.m.ci.14","Biome - fluctuations CI","biomeTropical and subtropical forests",0.197350541966064,0.1779442117695,0.215495743337669,18404.5017485122,5.55555555555556e-05,"fixed"
"biome.m.ci.15","Biome - fluctuations CI","biomeTropical coral",0.161459229702389,0.135318256550818,0.18944527846179,18000,5.55555555555556e-05,"fixed"
"biome.m.ci.16","Biome - fluctuations CI","biomeTundra",0.107255858672344,0.0899487710630638,0.124334770647692,18338.2154343939,5.55555555555556e-05,"fixed"
"biome.m.ci.17","Biome - fluctuations CI","biomeXeric freshwaters and endorheic basins",0.177380994749329,0.146460915129865,0.210692027379991,17999.9999999999,5.55555555555556e-05,"fixed"
"biome.m.ci.18","Biome - fluctuations CI","units",0.0109954497906054,0.0105887823914594,0.0114248182796461,17482.2460315758,NA,"residual"
"biome.m.ci.var.1","Biome - fluctuations CI weighted","biomeBoreal forests/taiga",0.103996136983656,0.0923886671225773,0.114751789638831,18000,5.55555555555556e-05,"fixed"
"biome.m.ci.var.2","Biome - fluctuations CI weighted","biomeDeserts and xeric shrublands",0.238892806093887,0.189967610422173,0.287597032103804,18524.3837496155,5.55555555555556e-05,"fixed"
"biome.m.ci.var.3","Biome - fluctuations CI weighted","biomeTrop. and subtrop. grasslands savannas and shrublands",0.247880815090547,0.219736764585832,0.274489483621437,18430.7219851103,5.55555555555556e-05,"fixed"
"biome.m.ci.var.4","Biome - fluctuations CI weighted","biomeLarge lakes",0.133799174057071,0.111125106690452,0.15792592316393,16663.0735032534,5.55555555555556e-05,"fixed"
"biome.m.ci.var.5","Biome - fluctuations CI weighted","biomeMediterranean forests woodlands and scrub",0.162131163753774,0.137301147558901,0.186580242487253,18000,5.55555555555556e-05,"fixed"
"biome.m.ci.var.6","Biome - fluctuations CI weighted","biomeMontane freshwaters",0.275713390442648,0.160919397341786,0.392959751960007,18000,5.55555555555556e-05,"fixed"
"biome.m.ci.var.7","Biome - fluctuations CI weighted","biomeMontane grasslands and shrublands",0.17349562623356,0.120845514298708,0.222433606861159,17341.2048399761,5.55555555555556e-05,"fixed"
"biome.m.ci.var.8","Biome - fluctuations CI weighted","biomePolar freshwaters",0.171922672623721,0.149437397467409,0.193296718061902,18386.1835863187,5.55555555555556e-05,"fixed"
"biome.m.ci.var.9","Biome - fluctuations CI weighted","biomePolar seas",0.168927427310451,0.102649095100787,0.236565361206885,18367.9761014598,5.55555555555556e-05,"fixed"
"biome.m.ci.var.10","Biome - fluctuations CI weighted","biomeTemperate forests",0.106581923113844,0.0967936522865784,0.11616018472705,18000.0000000001,5.55555555555556e-05,"fixed"
"biome.m.ci.var.11","Biome - fluctuations CI weighted","biomeTemperate wetlands and rivers",0.156051788260019,0.143985963681189,0.168555933456446,18000,5.55555555555556e-05,"fixed"
"biome.m.ci.var.12","Biome - fluctuations CI weighted","biomeTemperate grasslands savannas and shrublands",0.107233934877693,0.0899911003361922,0.124122850887943,18000,5.55555555555556e-05,"fixed"
"biome.m.ci.var.13","Biome - fluctuations CI weighted","biomeTropical wetlands and rivers",0.239233044500692,0.210677271112218,0.266848388651852,18000,5.55555555555556e-05,"fixed"
"biome.m.ci.var.14","Biome - fluctuations CI weighted","biomeTropical and subtropical forests",0.215603663398738,0.19006375506433,0.241884555027355,18000.0000000002,5.55555555555556e-05,"fixed"
"biome.m.ci.var.15","Biome - fluctuations CI weighted","biomeTropical coral",0.182916896399093,0.147108380726422,0.217842517115059,17999.9999999999,5.55555555555556e-05,"fixed"
"biome.m.ci.var.16","Biome - fluctuations CI weighted","biomeTundra",0.11357812200666,0.0906502078050835,0.136521320258908,18000,5.55555555555556e-05,"fixed"
"biome.m.ci.var.17","Biome - fluctuations CI weighted","biomeXeric freshwaters and endorheic basins",0.230139483784582,0.186097662270186,0.273283918304514,17999.9999999999,5.55555555555556e-05,"fixed"
"biome.m.ci.var.18","Biome - fluctuations CI weighted","units",0.0101903573648689,0.00967404638873154,0.0106870879703069,16731.8607310578,NA,"residual"
"biome.m.se.1","Biome - fluctuations SE","biomeBoreal forests/taiga",0.0861944300790928,0.0769084541898337,0.0958448130986653,18000.0000000001,5.55555555555556e-05,"fixed"
"biome.m.se.2","Biome - fluctuations SE","biomeDeserts and xeric shrublands",0.203750111296408,0.161593295502826,0.241688282076211,17999.9999999999,5.55555555555556e-05,"fixed"
"biome.m.se.3","Biome - fluctuations SE","biomeTrop. and subtrop. grasslands savannas and shrublands",0.126093768592748,0.101946462498745,0.149535173899494,17999.9999999999,5.55555555555556e-05,"fixed"
"biome.m.se.4","Biome - fluctuations SE","biomeLarge lakes",0.0954343835138848,0.076415739080403,0.113530009752139,17100.683262113,5.55555555555556e-05,"fixed"
"biome.m.se.5","Biome - fluctuations SE","biomeMediterranean forests woodlands and scrub",0.149269243862016,0.131211143572727,0.167028543553897,17283.1891630532,5.55555555555556e-05,"fixed"
"biome.m.se.6","Biome - fluctuations SE","biomeMontane freshwaters",0.184066200294356,0.0914767576323356,0.282668763344191,18000,0.000222222222222124,"fixed"
"biome.m.se.7","Biome - fluctuations SE","biomeMontane grasslands and shrublands",0.10999694350192,0.0654049983422738,0.155668744722789,18000,5.55555555555556e-05,"fixed"
"biome.m.se.8","Biome - fluctuations SE","biomePolar freshwaters",0.151525355190515,0.134091999058001,0.168515196990484,17999.9999999999,5.55555555555556e-05,"fixed"
"biome.m.se.9","Biome - fluctuations SE","biomePolar seas",0.0761583556720741,0.0186920636915602,0.136793658311944,18000.0000000001,0.0114444444444444,"fixed"
"biome.m.se.10","Biome - fluctuations SE","biomeTemperate forests",0.0942157902318305,0.0861236475175247,0.102730249549495,18000,5.55555555555556e-05,"fixed"
"biome.m.se.11","Biome - fluctuations SE","biomeTemperate wetlands and rivers",0.122791188170096,0.112878847896354,0.133087157730188,18000,5.55555555555556e-05,"fixed"
"biome.m.se.12","Biome - fluctuations SE","biomeTemperate grasslands savannas and shrublands",0.0956138949900023,0.0803083668288309,0.110622809472261,18000.0000000001,5.55555555555556e-05,"fixed"
"biome.m.se.13","Biome - fluctuations SE","biomeTropical wetlands and rivers",0.229074499143684,0.206509778337931,0.251342155475868,17999.9999999999,5.55555555555556e-05,"fixed"
"biome.m.se.14","Biome - fluctuations SE","biomeTropical and subtropical forests",0.153572426538426,0.133242434960266,0.174213541627978,18000,5.55555555555556e-05,"fixed"
"biome.m.se.15","Biome - fluctuations SE","biomeTropical coral",0.186993554633543,0.157658775264281,0.217534502153285,18580.3117942127,5.55555555555556e-05,"fixed"
"biome.m.se.16","Biome - fluctuations SE","biomeTundra",0.110515208723219,0.0919945201239898,0.128576491797503,18662.9882086757,5.55555555555556e-05,"fixed"
"biome.m.se.17","Biome - fluctuations SE","biomeXeric freshwaters and endorheic basins",0.128629496668194,0.0954965643613832,0.163011842785636,18000,5.55555555555556e-05,"fixed"
"biome.m.se.18","Biome - fluctuations SE","units",0.011502202525613,0.0110561690292719,0.0119157542970433,17110.0750050264,NA,"residual"
"biome.m.sd.1","Biome - fluctuations SD","biomeBoreal forests/taiga",0.523227776547843,0.516635337233311,0.530013335839612,18000,5.55555555555556e-05,"fixed"
"biome.m.sd.2","Biome - fluctuations SD","biomeDeserts and xeric shrublands",0.584192033478205,0.554795882999315,0.613151407841542,17999.9999999999,5.55555555555556e-05,"fixed"
"biome.m.sd.3","Biome - fluctuations SD","biomeTrop. and subtrop. grasslands savannas and shrublands",0.60175526008117,0.585348807624541,0.618809757681447,18442.8639020913,5.55555555555556e-05,"fixed"
"biome.m.sd.4","Biome - fluctuations SD","biomeLarge lakes",0.539913487108883,0.526152143746003,0.553721229007351,17393.5828996186,5.55555555555556e-05,"fixed"
"biome.m.sd.5","Biome - fluctuations SD","biomeMediterranean forests woodlands and scrub",0.573619420126944,0.559961351620586,0.586837157052173,18000,5.55555555555556e-05,"fixed"
"biome.m.sd.6","Biome - fluctuations SD","biomeMontane freshwaters",0.605098272840801,0.537493500756682,0.672124374610576,16559.0743537531,5.55555555555556e-05,"fixed"
"biome.m.sd.7","Biome - fluctuations SD","biomeMontane grasslands and shrublands",0.583208970603532,0.549082590070611,0.616005851315094,18012.5682396268,5.55555555555556e-05,"fixed"
"biome.m.sd.8","Biome - fluctuations SD","biomePolar freshwaters",0.570002174279595,0.55739051647106,0.582583096256712,18000.0000000001,5.55555555555556e-05,"fixed"
"biome.m.sd.9","Biome - fluctuations SD","biomePolar seas",0.547733237317368,0.50530671668821,0.588649660319788,18000,5.55555555555556e-05,"fixed"
"biome.m.sd.10","Biome - fluctuations SD","biomeTemperate forests",0.536321746520667,0.530441695242189,0.5420495086546,18000,5.55555555555556e-05,"fixed"
"biome.m.sd.11","Biome - fluctuations SD","biomeTemperate wetlands and rivers",0.55754236278954,0.550847747646912,0.564618106807757,17713.2998503254,5.55555555555556e-05,"fixed"
"biome.m.sd.12","Biome - fluctuations SD","biomeTemperate grasslands savannas and shrublands",0.525980069814164,0.515271526150173,0.537466429039341,18000,5.55555555555556e-05,"fixed"
"biome.m.sd.13","Biome - fluctuations SD","biomeTropical wetlands and rivers",0.608051924238647,0.591911172348773,0.624076383166539,18622.4614098556,5.55555555555556e-05,"fixed"
"biome.m.sd.14","Biome - fluctuations SD","biomeTropical and subtropical forests",0.614434323272849,0.599547588550195,0.629121846752241,18000,5.55555555555556e-05,"fixed"
"biome.m.sd.15","Biome - fluctuations SD","biomeTropical coral",0.608764995937196,0.587934898416279,0.629524565316387,18000.0000000002,5.55555555555556e-05,"fixed"
"biome.m.sd.16","Biome - fluctuations SD","biomeTundra",0.53900114001019,0.524609131243778,0.552472422030405,17999.9999999999,5.55555555555556e-05,"fixed"
"biome.m.sd.17","Biome - fluctuations SD","biomeXeric freshwaters and endorheic basins",0.555808037275345,0.530329921632074,0.58168138192741,18000,5.55555555555556e-05,"fixed"
"biome.m.sd.18","Biome - fluctuations SD","units",0.00738206830066141,0.00711852574481736,0.00766554551385593,18000,NA,"residual"
"class.m.1","Taxa - mu","ClassActinopterygii",4.33252406624361e-05,-0.0039132266829256,0.0038059317303123,18851.1363175741,0.985777777777778,"fixed"
"class.m.2","Taxa - mu","ClassAmphibia",-0.0117072536868028,-0.0224411043086548,-0.00173884416290093,17368.9110564031,0.0267777777777778,"fixed"
"class.m.3","Taxa - mu","ClassAves",0.00333120526059109,0.000970576205872931,0.00580382189946249,18000,0.00711111111111107,"fixed"
"class.m.4","Taxa - mu","ClassElasmobranchii",-0.010323363900014,-0.0223295603773295,0.00174750352744013,17094.5262850065,0.097,"fixed"
"class.m.5","Taxa - mu","ClassMammalia",0.0104575426105023,0.0053376983923954,0.0153307081682215,19689.4900625141,5.55555555555556e-05,"fixed"
"class.m.6","Taxa - mu","ClassReptilia",0.0103572934890585,0.00115162749716546,0.0196632266033703,18000,0.0286666666666666,"fixed"
"class.m.7","Taxa - mu","units",0.00288491174920794,0.00278725931392768,0.00297717316683208,16346.1619243943,NA,"residual"
"class.m.var.1","Taxa - weighted","ClassActinopterygii",-0.000936755256344106,-0.00662484060740098,0.00445795856649056,18000,0.744,"fixed"
"class.m.var.2","Taxa - weighted","ClassAmphibia",-0.0160023315808835,-0.0319156011919404,-0.000746973368222825,18000,0.0464444444444444,"fixed"
"class.m.var.3","Taxa - weighted","ClassAves",0.0049351105474221,0.00175800886972866,0.00823084797593765,17999.9999999999,0.00288888888888894,"fixed"
"class.m.var.4","Taxa - weighted","ClassElasmobranchii",-0.0167614347490616,-0.0354797258478357,0.00179667533666361,17999.9999999999,0.0772222222222222,"fixed"
"class.m.var.5","Taxa - weighted","ClassMammalia",0.0105496116835347,0.00361460950807668,0.0173540369746661,18489.9291706615,0.00144444444444436,"fixed"
"class.m.var.6","Taxa - weighted","ClassReptilia",0.00407237497632728,-0.00998193563646055,0.0182382703133044,18000,0.577888888888889,"fixed"
"class.m.var.7","Taxa - weighted","units",0.00295827811137928,0.00282048491139876,0.00309841991320709,14129.3350956248,NA,"residual"
"class.m2.1","Taxa - slope","ClassActinopterygii",-0.00147715262218497,-0.00820780151843792,0.00507156523963204,17999.9999999999,0.663555555555556,"fixed"
"class.m2.2","Taxa - slope","ClassAmphibia",-0.0203396807619127,-0.0373870013027044,-0.00189711942948634,16873.7149496758,0.0258888888888889,"fixed"
"class.m2.3","Taxa - slope","ClassAves",0.00565950140330794,0.00147434818791226,0.00993257192021701,18000.0000000001,0.0086666666666666,"fixed"
"class.m2.4","Taxa - slope","ClassElasmobranchii",-0.0181018573119453,-0.0388899381250667,0.0021135399438208,17612.9698448066,0.0833333333333333,"fixed"
"class.m2.5","Taxa - slope","ClassMammalia",0.010795519422048,0.00277405921951868,0.0196335817017825,17999.9999999999,0.0121111111111112,"fixed"
"class.m2.6","Taxa - slope","ClassReptilia",0.0219904037580283,0.00575064740405651,0.0377088100412948,18000,0.00722222222222224,"fixed"
"class.m2.7","Taxa - slope","units",0.0080779063854346,0.00781485860857642,0.00834890510250858,16177.3983127646,NA,"residual"
"class.m.sigma.1","Taxa - fluctuations sigma","ClassActinopterygii",0.0322998567574346,0.0296001717724721,0.0349931787786772,17488.8200006676,5.55555555555556e-05,"fixed"
"class.m.sigma.2","Taxa - fluctuations sigma","ClassAmphibia",0.0403197164717918,0.0331076094335003,0.0472916151193203,18000,5.55555555555556e-05,"fixed"
"class.m.sigma.3","Taxa - fluctuations sigma","ClassAves",0.018322698784704,0.016742140360293,0.019929076632252,18000,5.55555555555556e-05,"fixed"
"class.m.sigma.4","Taxa - fluctuations sigma","ClassElasmobranchii",0.0300222210015337,0.0216911934112431,0.0385033618658781,17999.9999999999,5.55555555555556e-05,"fixed"
"class.m.sigma.5","Taxa - fluctuations sigma","ClassMammalia",0.0350801678662759,0.0318184796342393,0.0383776197995758,17867.9878433812,5.55555555555556e-05,"fixed"
"class.m.sigma.6","Taxa - fluctuations sigma","ClassReptilia",0.0339392605197714,0.027784306803369,0.0405614252522355,18000,5.55555555555556e-05,"fixed"
"class.m.sigma.7","Taxa - fluctuations sigma","units",0.00163838883179396,0.00158348003326742,0.00169237599350354,13289.1977542381,NA,"residual"
"class.m.ci.1","Taxa - fluctuations CI","ClassActinopterygii",0.162991356712088,0.154697117308388,0.171372587483347,18000,5.55555555555556e-05,"fixed"
"class.m.ci.2","Taxa - fluctuations CI","ClassAmphibia",0.208489980167282,0.186085704539437,0.230681350440136,18000,5.55555555555556e-05,"fixed"
"class.m.ci.3","Taxa - fluctuations CI","ClassAves",0.0938631241512517,0.0886911169218365,0.0993597503038472,17126.7380436129,5.55555555555556e-05,"fixed"
"class.m.ci.4","Taxa - fluctuations CI","ClassElasmobranchii",0.151692479406553,0.125301446817673,0.17711380408582,18000,5.55555555555556e-05,"fixed"
"class.m.ci.5","Taxa - fluctuations CI","ClassMammalia",0.182141380145809,0.171691100957105,0.193064631603193,18000,5.55555555555556e-05,"fixed"
"class.m.ci.6","Taxa - fluctuations CI","ClassReptilia",0.195296461225875,0.175572727792314,0.215643511968665,18476.4829104305,5.55555555555556e-05,"fixed"
"class.m.ci.7","Taxa - fluctuations CI","units",0.011581083395632,0.0112020486197471,0.0119554730364238,18000,NA,"residual"
"class.m.ci.var.1","Taxa - fluctuations CI weighted","ClassActinopterygii",0.191461454150118,0.179880929150386,0.202452813871787,18000,5.55555555555556e-05,"fixed"
"class.m.ci.var.2","Taxa - fluctuations CI weighted","ClassAmphibia",0.272396026794991,0.241636243415996,0.303553426434519,17535.4164597368,5.55555555555556e-05,"fixed"
"class.m.ci.var.3","Taxa - fluctuations CI weighted","ClassAves",0.104646060130408,0.0977205769231659,0.111795163131319,18000,5.55555555555556e-05,"fixed"
"class.m.ci.var.4","Taxa - fluctuations CI weighted","ClassElasmobranchii",0.197499228942679,0.16033818579308,0.232443505781703,18434.4622736919,5.55555555555556e-05,"fixed"
"class.m.ci.var.5","Taxa - fluctuations CI weighted","ClassMammalia",0.211669714952888,0.197689527586363,0.226258860930102,19200.1099132626,5.55555555555556e-05,"fixed"
"class.m.ci.var.6","Taxa - fluctuations CI weighted","ClassReptilia",0.229165629641473,0.201228849611653,0.257367168014753,18000,5.55555555555556e-05,"fixed"
"class.m.ci.var.7","Taxa - fluctuations CI weighted","units",0.0110219430493439,0.0105581409085563,0.0115019479800389,17175.0000298167,NA,"residual"
"class.m.se.1","Taxa - fluctuations SE","ClassActinopterygii",0.158730079996645,0.14958059831406,0.167737263254821,18000.0000000001,5.55555555555556e-05,"fixed"
"class.m.se.2","Taxa - fluctuations SE","ClassAmphibia",0.224304996606711,0.199006162612932,0.247439079204923,17493.0219295877,5.55555555555556e-05,"fixed"
"class.m.se.3","Taxa - fluctuations SE","ClassAves",0.0802259504108259,0.0743916856590658,0.0864010056247935,18000.0000000002,5.55555555555556e-05,"fixed"
"class.m.se.4","Taxa - fluctuations SE","ClassElasmobranchii",0.150791282305826,0.123524658862152,0.179012629960198,17999.9999999999,5.55555555555556e-05,"fixed"
"class.m.se.5","Taxa - fluctuations SE","ClassMammalia",0.157114991948579,0.145070688799024,0.168599943468507,18000.0000000001,5.55555555555556e-05,"fixed"
"class.m.se.6","Taxa - fluctuations SE","ClassReptilia",0.233370689701896,0.211280232382705,0.254572794685373,18000,5.55555555555556e-05,"fixed"
"class.m.se.7","Taxa - fluctuations SE","units",0.0114861657314146,0.0111123579112706,0.0118604730683284,17999.9999999998,NA,"residual"
"class.m.sd.1","Taxa - fluctuations SD","ClassActinopterygii",0.572378498688403,0.566280855298828,0.578827876066498,17999.9999999999,5.55555555555556e-05,"fixed"
"class.m.sd.2","Taxa - fluctuations SD","ClassAmphibia",0.612381017978664,0.596035137306899,0.630118216206029,18000,5.55555555555556e-05,"fixed"
"class.m.sd.3","Taxa - fluctuations SD","ClassAves",0.53037930479561,0.526411005366064,0.534298902668525,18000,5.55555555555556e-05,"fixed"
"class.m.sd.4","Taxa - fluctuations SD","ClassElasmobranchii",0.562589182148499,0.542353079363238,0.581994865820889,18000,5.55555555555556e-05,"fixed"
"class.m.sd.5","Taxa - fluctuations SD","ClassMammalia",0.602640411423937,0.594869984037359,0.610827982149203,18000.0000000001,5.55555555555556e-05,"fixed"
"class.m.sd.6","Taxa - fluctuations SD","ClassReptilia",0.609796357524131,0.594871639106714,0.625343109357345,17999.9999999999,5.55555555555556e-05,"fixed"
"class.m.sd.7","Taxa - fluctuations SD","units",0.00773176327557792,0.00749195134684177,0.00797184973590853,17999.9999999999,NA,"residual"
"duration.m.1","Duration - mu","duration",2.39075381276397e-05,-3.88106564059854e-05,9.10432863747701e-05,18000,0.463666666666667,"fixed"
"duration.m.2","Duration - mu","units",0.00288282059810838,0.00278858188659726,0.0029785184824113,16697.1731844274,NA,"residual"
"duration.m.sigma.1","Duration - sigma","duration",0.00018683851052241,0.000116450886707753,0.000253108926699497,16429.6579351655,5.55555555555556e-05,"fixed"
"duration.m.sigma.2","Duration - sigma","units",0.0016038342626852,0.00154875142512213,0.00166201821691662,15273.5759182293,NA,"residual"
"duration.system.m.1","Duration - system","(Intercept)",23.8948847864091,23.1975465005744,24.5666104791708,18000.0000000001,5.55555555555556e-05,"fixed"
"duration.system.m.2","Duration - system","systemMarine",-6.24030924984037,-7.28220118675381,-5.24635969047085,17999.9999999999,5.55555555555556e-05,"fixed"
"duration.system.m.3","Duration - system","systemFreshwater",-4.10594850839425,-5.13018516128068,-3.09040036902115,18000.0000000001,5.55555555555556e-05,"fixed"
"duration.system.m.4","Duration - system","units",68.8732044966905,66.6832282595536,71.0966274226037,18000,NA,"residual"
"duration.class.m.1","Duration - taxa","(Intercept)",15.1451746199957,14.2637022517374,16.0796514869799,20433.103810969,5.55555555555556e-05,"fixed"
"duration.class.m.2","Duration - taxa","ClassAmphibia",-3.66618678198811,-6.24755041862227,-1.06478026535751,18000.0000000001,0.00622222222222222,"fixed"
"duration.class.m.3","Duration - taxa","ClassAves",12.4348218300885,11.3602049564797,13.5887729972601,18000.0000000001,5.55555555555556e-05,"fixed"
"duration.class.m.4","Duration - taxa","ClassElasmobranchii",1.50405155099592,-1.33828618443295,4.34693096693081,17999.9999999998,0.303555555555556,"fixed"
"duration.class.m.5","Duration - taxa","ClassMammalia",0.796394293331216,-0.739927525501116,2.23311229846149,18882.3341763503,0.298555555555555,"fixed"
"duration.class.m.6","Duration - taxa","ClassReptilia",-3.51515969599833,-5.80459976012708,-1.19554039933428,18939.867574568,0.00266666666666667,"fixed"
"duration.class.m.7","Duration - taxa","units",68.1848774701947,66.0086105972822,70.3211964310054,18000,NA,"residual"
"duration.IUCN.m.1","Duration - IUCN conservation status","(Intercept)",22.1821581314412,21.5098238496139,22.8245157510537,18000.0000000001,5.55555555555556e-05,"fixed"
"duration.IUCN.m.2","Duration - IUCN conservation status","Red.List.statusNear threatened",-3.38169748890083,-5.60819933688617,-1.08134409741615,18000,0.00355555555555556,"fixed"
"duration.IUCN.m.3","Duration - IUCN conservation status","Red.List.statusVulnerable",-2.91028237345172,-5.19381232246087,-0.72409632930794,18000.0000000001,0.0104444444444444,"fixed"
"duration.IUCN.m.4","Duration - IUCN conservation status","Red.List.statusEndangered",-5.25483166554082,-7.80064286303241,-2.51419387178612,18000,5.55555555555556e-05,"fixed"
"duration.IUCN.m.5","Duration - IUCN conservation status","Red.List.statusCritically endangered",-6.89958231615985,-10.3422831643293,-3.65604123715457,17999.9999999999,0.000111111111111111,"fixed"
"duration.IUCN.m.6","Duration - IUCN conservation status","units",71.0045003151539,68.5998051394823,73.4885499035299,18911.3635120581,NA,"residual"
"units.m.1","Sampling units - mu","(Intercept)",-0.000141577730055171,-0.00288646177068586,0.00255057301546913,18000,0.917777777777778,"fixed"
"units.m.2","Sampling units - mu","Units2Individuals (1167)",0.00605547693705784,0.00185991948819719,0.010107861526194,18000,0.00333333333333341,"fixed"
"units.m.3","Sampling units - mu","Units2Pairs (505)",0.0147167849745936,0.00920171436155215,0.0202349042519927,18000.0000000001,5.55555555555556e-05,"fixed"
"units.m.4","Sampling units - mu","Units2Nests(224)",0.0148793870992871,0.00724008488032268,0.0227016351054772,18000.0000000001,0.000222222222222124,"fixed"
"units.m.5","Sampling units - mu","Units2Population estimate (97)",0.0165011770370929,0.00663605341105722,0.0266553516266868,17999.9999999999,0.00122222222222224,"fixed"
"units.m.6","Sampling units - mu","units",0.00197504134445526,0.00188388636088953,0.00206853068371389,15983.2033284247,NA,"residual"
"rarity.range.birds.mammals.1","Geographic range (birds/mammals) - mu","(Intercept)",0.0124092515869764,-0.00172412466054084,0.0258610962373496,18000,0.0815555555555556,"fixed"
"rarity.range.birds.mammals.2","Geographic range (birds/mammals) - mu","log(range)",-0.000464901144615941,-0.0012742543258355,0.000371009869923,18000.0000000001,0.278,"fixed"
"rarity.range.birds.mammals.3","Geographic range (birds/mammals) - mu","units",0.00326845480367708,0.00315385058071677,0.00338260304459202,17575.2792422267,NA,"residual"
"rarity.range.birds.mammals.int.1","Geographic range (birds/mammals) - mu*taxa interaction","(Intercept)",0.0684730426299368,0.0311123232822865,0.107039817492478,18000,0.000222222222222124,"fixed"
"rarity.range.birds.mammals.int.2","Geographic range (birds/mammals) - mu*taxa interaction","log(range)",-0.00403620162056703,-0.00659273645123903,-0.00153777780360542,18000,0.001,"fixed"
"rarity.range.birds.mammals.int.3","Geographic range (birds/mammals) - mu*taxa interaction","ClassAves",-0.0764550849290258,-0.119214283149631,-0.0313111501454841,18000,0.000888888888888889,"fixed"
"rarity.range.birds.mammals.int.4","Geographic range (birds/mammals) - mu*taxa interaction","log(range):ClassAves",0.00474193044780588,0.00192148978749174,0.00763179056230001,18000.0000000001,0.00133333333333341,"fixed"
"rarity.range.birds.mammals.int.5","Geographic range (birds/mammals) - mu*taxa interaction","units",0.00278306998125861,0.00267588702877974,0.00289015808142823,16887.9568758087,NA,"residual"
"rarity.range.birds.mammals.var.1","Geographic range (birds/mammals) - weighted","(Intercept)",0.0133305002524124,-0.0113243571249768,0.03838627589721,18000,0.294666666666667,"fixed"
"rarity.range.birds.mammals.var.2","Geographic range (birds/mammals) - weighted","log(range)",-0.000442963414693506,-0.00196949116070755,0.00106040667742491,18000,0.564333333333333,"fixed"
"rarity.range.birds.mammals.var.3","Geographic range (birds/mammals) - weighted","units",0.00283662019864385,0.00268452188629054,0.00299331435988428,16791.0584044409,NA,"residual"
"rarity.range.birds.mammals2.1","Geographic range (birds/mammals) - slope","(Intercept)",0.0102408813973927,-0.0196381404384738,0.0411243682610802,18432.7080408303,0.515,"fixed"
"rarity.range.birds.mammals2.2","Geographic range (birds/mammals) - slope","log.range",-0.000217445319372924,-0.00203707479522564,0.00167976401280612,18407.9416688069,0.812666666666667,"fixed"
"rarity.range.birds.mammals2.3","Geographic range (birds/mammals) - slope","units",0.00753253906446365,0.00724045854030065,0.00781563149213158,16985.7299972488,NA,"residual"
"rarity.range.birds.mammals.sigma.1","Geographic range (birds/mammals) - fluctuations sigma","(Intercept)",0.0456111878622458,0.0317791486158967,0.0599059247070954,17999.9999999998,5.55555555555556e-05,"fixed"
"rarity.range.birds.mammals.sigma.2","Geographic range (birds/mammals) - fluctuations sigma","log(range)",-0.00144517613297035,-0.00229573492833879,-0.000576478621042043,18000,0.000888888888888889,"fixed"
"rarity.range.birds.mammals.sigma.3","Geographic range (birds/mammals) - fluctuations sigma","units",0.00160681567012867,0.00154481434841836,0.00167148315010332,15576.9461314505,NA,"residual"
"bird.mammal.range.m.ci.1","Geographic range (birds/mammals) - fluctuations CI","(Intercept)",0.179668626380207,0.137176511147118,0.225767931624432,17999.9999999999,5.55555555555556e-05,"fixed"
"bird.mammal.range.m.ci.2","Geographic range (birds/mammals) - fluctuations CI","log(range)",-0.0040632134540832,-0.00687874021241441,-0.0014176991826389,18768.5147326616,0.00333333333333333,"fixed"
"bird.mammal.range.m.ci.3","Geographic range (birds/mammals) - fluctuations CI","units",0.0110436156736714,0.0106225361980038,0.0114637684455919,18000,NA,"residual"
"bird.mammal.range.m.ci.var.1","Geographic range (birds/mammals) - fluctuations CI weighted","(Intercept)",0.173104861479432,0.11701416791766,0.23313316034546,17999.9999999999,5.55555555555556e-05,"fixed"
"bird.mammal.range.m.ci.var.2","Geographic range (birds/mammals) - fluctuations CI weighted","log(range)",-0.002790926982951,-0.00633625601767562,0.000819081818917766,18000,0.121888888888889,"fixed"
"bird.mammal.range.m.ci.var.3","Geographic range (birds/mammals) - fluctuations CI weighted","units",0.0107024768448227,0.0101859971163478,0.0112371970375066,17999.9999999999,NA,"residual"
"bird.mammal.range.m.se.1","Geographic range (birds/mammals)  - fluctuations SE","(Intercept)",0.0820389530208705,0.0372776975564193,0.126182405612781,17604.5930431366,0.000111111111111173,"fixed"
"bird.mammal.range.m.se.2","Geographic range (birds/mammals)  - fluctuations SE","log(range)",0.000905208581076565,-0.00191975229972741,0.00353561395604629,17533.9517035635,0.511888888888889,"fixed"
"bird.mammal.range.m.se.3","Geographic range (birds/mammals)  - fluctuations SE","units",0.0110525260359738,0.0106386421968015,0.0114745017634821,18000,NA,"residual"
"rarity.bird.mammal.range.sd.1","Geographic range (birds/mammals) - fluctuations SD","(Intercept)",0.604675387223881,0.570579220919171,0.638409583247267,17938.4194539859,5.55555555555556e-05,"fixed"
"rarity.bird.mammal.range.sd.2","Geographic range (birds/mammals) - fluctuations SD","log(range)",-0.00362787741166809,-0.00576750384061597,-0.00160231677000411,17306.1835172011,0.000444444444444444,"fixed"
"rarity.bird.mammal.range.sd.3","Geographic range (birds/mammals) - fluctuations SD","units",0.00765404643851488,0.0073727157906693,0.00795113315253337,18000,NA,"residual"
"rarity.popsize.global.1","Mean population size - mu","(Intercept)",0.000558436890700893,-0.00336117468395969,0.00487308448646218,18000,0.794111111111111,"fixed"
"rarity.popsize.global.2","Mean population size - mu","log.meanpop",0.00129635339769465,0.000595628036535345,0.00201917262165807,18000,0.00044444444444447,"fixed"
"rarity.popsize.global.3","Mean population size - mu","units",0.00417737970960063,0.00398101565060554,0.00437443577910226,15837.3168040017,NA,"residual"
"rarity.popsize.global.taxa.1","Mean population size - mu*taxa interaction","(Intercept)",0.00738677356633386,-0.00297051676898263,0.0176388630752626,18000,0.160888888888889,"fixed"
"rarity.popsize.global.taxa.2","Mean population size - mu*taxa interaction","log.meanpop",-0.00112915440397279,-0.00282536529266508,0.000619289254245814,17999.9999999999,0.197444444444444,"fixed"
"rarity.popsize.global.taxa.3","Mean population size - mu*taxa interaction","ClassAmphibia",-0.00574167402201016,-0.0272949098725803,0.0170704627671512,18000,0.614555555555556,"fixed"
"rarity.popsize.global.taxa.4","Mean population size - mu*taxa interaction","ClassAves",-0.00909340530575158,-0.0211481106452993,0.00262756983283907,18000,0.132666666666667,"fixed"
"rarity.popsize.global.taxa.5","Mean population size - mu*taxa interaction","ClassElasmobranchii",-0.0248241725945774,-0.0503277468633314,0.000372858616174199,18000,0.0548888888888889,"fixed"
"rarity.popsize.global.taxa.6","Mean population size - mu*taxa interaction","ClassMammalia",-0.00867897697863069,-0.0220394957650569,0.00555473385611549,18000,0.211333333333333,"fixed"
"rarity.popsize.global.taxa.7","Mean population size - mu*taxa interaction","ClassReptilia",0.00719690067928559,-0.0107207589171594,0.0252684848965146,18000,0.433555555555555,"fixed"
"rarity.popsize.global.taxa.8","Mean population size - mu*taxa interaction","log.meanpop:ClassAmphibia",-0.003173616377939,-0.00813560478309228,0.00184013851685449,19144.8538921935,0.215,"fixed"
"rarity.popsize.global.taxa.9","Mean population size - mu*taxa interaction","log.meanpop:ClassAves",0.00291444060501364,0.000870504765771329,0.00486657748115249,17999.9999999999,0.00333333333333341,"fixed"
"rarity.popsize.global.taxa.10","Mean population size - mu*taxa interaction","log.meanpop:ClassElasmobranchii",0.0052779422192779,-0.0014035587082617,0.0119379243860749,18428.3203002068,0.126777777777778,"fixed"
"rarity.popsize.global.taxa.11","Mean population size - mu*taxa interaction","log.meanpop:ClassMammalia",0.00369661627660044,0.00136215367092518,0.00599084371060599,18000,0.00155555555555553,"fixed"
"rarity.popsize.global.taxa.12","Mean population size - mu*taxa interaction","log.meanpop:ClassReptilia",0.00052418004766971,-0.0032071274399641,0.00413320006191498,18000,0.771888888888889,"fixed"
"rarity.popsize.global.taxa.13","Mean population size - mu*taxa interaction","units",0.00416636419207689,0.00397336946610555,0.00436377483030171,16485.7675218409,NA,"residual"
"rarity.popsize.global.var.1","Mean population size - weighted","(Intercept)",0.00166907597433967,-0.00486380961956456,0.0079177748557413,18000,0.610555555555556,"fixed"
"rarity.popsize.global.var.2","Mean population size - weighted","log.meanpop",0.00138000196122928,0.000293691933620721,0.00248997536618845,18000,0.0138888888888888,"fixed"
"rarity.popsize.global.var.3","Mean population size - weighted","units",0.00452256278897377,0.00421379292719138,0.00483614747714366,13783.7702288307,NA,"residual"
"rarity.popsize.global2.1","Mean population size - slope","(Intercept)",-0.000224780499766982,-0.00706770287069958,0.00647418799053412,18000,0.945555555555556,"fixed"
"rarity.popsize.global2.2","Mean population size - slope","log.meanpop",0.00215557438396817,0.000990335698588751,0.00332533708933624,18000.0000000001,0.000222222222222124,"fixed"
"rarity.popsize.global2.3","Mean population size - slope","units",0.0110208276438391,0.0104830045698609,0.0115492636666614,15824.7709561233,NA,"residual"
"rarity.popsize.global.sigma.1","Mean population size - fluctuations sigma","(Intercept)",0.0343909177055215,0.0316589946451131,0.037080397378304,17999.9999999999,5.55555555555556e-05,"fixed"
"rarity.popsize.global.sigma.2","Mean population size - fluctuations sigma","log.meanpop",-0.000701672143492462,-0.00118243110773619,-0.000240508990827948,18000.0000000001,0.00311111111111111,"fixed"
"rarity.popsize.global.sigma.3","Mean population size - fluctuations sigma","units",0.00213529180997284,0.00203000232511346,0.00223848507734967,6762.51005135539,NA,"residual"
"rarity.popsize.global.ci.1","Mean population size - fluctuations CI","(Intercept)",0.221879385189409,0.211949188276776,0.231754228647333,18000.0000000001,5.55555555555556e-05,"fixed"
"rarity.popsize.global.ci.2","Mean population size - fluctuations CI","log.meanpop",-0.00425010606137297,-0.00598538604390342,-0.00256481481483206,17999.9999999999,5.55555555555556e-05,"fixed"
"rarity.popsize.global.ci.3","Mean population size - fluctuations CI","units",0.0260978866464175,0.0248568148399116,0.0273254107640513,14177.8318566174,NA,"residual"
"rarity.popsize.global.ci.var.1","Mean population size - fluctuations CI weighted","(Intercept)",0.261986932948251,0.248848811286734,0.274759468113189,18000.0000000001,5.55555555555556e-05,"fixed"
"rarity.popsize.global.ci.var.2","Mean population size - fluctuations CI weighted","log.meanpop",-0.00662052567461291,-0.00883337509003468,-0.00441334745119093,18000.0000000002,5.55555555555556e-05,"fixed"
"rarity.popsize.global.ci.var.3","Mean population size - fluctuations CI weighted","units",0.026374722979099,0.024861122237987,0.0280288023185437,13161.7157344101,NA,"residual"
"rarity.popsize.global.se.1","Mean population size - fluctuations SE","(Intercept)",0.227921913868736,0.217705268209102,0.237795659653784,17999.9999999999,5.55555555555556e-05,"fixed"
"rarity.popsize.global.se.2","Mean population size - fluctuations SE","log.meanpop",-0.0100648325822686,-0.0117612516041845,-0.00835758477478521,18000,5.55555555555556e-05,"fixed"
"rarity.popsize.global.se.3","Mean population size - fluctuations SE","units",0.0233418684700226,0.0222297551644018,0.024481364688251,15480.0874215876,NA,"residual"
"rarity.popsize.global.sd.1","Mean population size - fluctuations SD","(Intercept)",0.000911048535191542,-0.00141772879578639,0.00335501904555713,17323.6273767495,0.454111111111111,"fixed"
"rarity.popsize.global.sd.2","Mean population size - fluctuations SD","log.meanpop",3.70825518347585e-06,-8.71748488862067e-06,1.64183729793876e-05,18000.0000000001,0.556111111111111,"fixed"
"rarity.popsize.global.sd.3","Mean population size - fluctuations SD","units",6.38375369240343e-07,6.0680401377015e-07,6.69730192428283e-07,18000.0000000001,NA,"residual"
"rarity.hab.global.1","Habitat specificity - mu","(Intercept)",0.00231461913097714,-0.00108761520823464,0.0056938341804198,18000,0.175888888888889,"fixed"
"rarity.hab.global.2","Habitat specificity - mu","hab_spec",0.000194046067547097,-0.000181544499355368,0.000580415937292855,18000,0.320777777777778,"fixed"
"rarity.hab.global.3","Habitat specificity - mu","units",0.0030322039564261,0.00292543947153055,0.00313762426372655,15647.3765921971,NA,"residual"
"rarity.hab.global.taxa.1","Habitat specificity - mu*taxa interaction","(Intercept)",0.00289748626974282,-0.00409745676006423,0.0106384246173548,18000,0.443,"fixed"
"rarity.hab.global.taxa.2","Habitat specificity - mu*taxa interaction","hab_spec",-0.000394638340598323,-0.00161078144810745,0.000859199310070835,18187.2926764282,0.538111111111111,"fixed"
"rarity.hab.global.taxa.3","Habitat specificity - mu*taxa interaction","ClassAmphibia",-0.015266353960584,-0.0353433710770332,0.00420417819259455,17354.3060371385,0.129666666666667,"fixed"
"rarity.hab.global.taxa.4","Habitat specificity - mu*taxa interaction","ClassAves",-0.0020725854256015,-0.0109565454040421,0.00664786944980733,18000.0000000001,0.651555555555556,"fixed"
"rarity.hab.global.taxa.5","Habitat specificity - mu*taxa interaction","ClassCephalaspidomorphi",0.0155433829589495,-0.102566358458716,0.132324413509195,18000,0.795777777777778,"fixed"
"rarity.hab.global.taxa.6","Habitat specificity - mu*taxa interaction","ClassElasmobranchii",-0.0270787902072041,-0.055087022112275,0.00145961649832316,17291.3850467327,0.059,"fixed"
"rarity.hab.global.taxa.7","Habitat specificity - mu*taxa interaction","ClassHolocephali",-0.105277135618425,-0.223866736690979,0.0129243939009029,18000,0.0815555555555556,"fixed"
"rarity.hab.global.taxa.8","Habitat specificity - mu*taxa interaction","ClassMammalia",0.00755201458512339,-0.00325463413173566,0.0178087007952854,18000.0000000001,0.168222222222222,"fixed"
"rarity.hab.global.taxa.9","Habitat specificity - mu*taxa interaction","ClassMyxini",-0.0628964522376089,-0.145279988224502,0.0217196992552999,17999.9999999999,0.146222222222222,"fixed"
"rarity.hab.global.taxa.10","Habitat specificity - mu*taxa interaction","ClassReptilia",0.0147973527444056,-0.00650935967860278,0.0360538238601293,18000,0.176222222222222,"fixed"
"rarity.hab.global.taxa.11","Habitat specificity - mu*taxa interaction","hab_spec:ClassAmphibia",0.000317311820106086,-0.00160482971114106,0.00228036780026741,17509.0266693744,0.752666666666667,"fixed"
"rarity.hab.global.taxa.12","Habitat specificity - mu*taxa interaction","hab_spec:ClassAves",0.000785385253597268,-0.000578057719394565,0.0020902208489133,18000,0.261,"fixed"
"rarity.hab.global.taxa.13","Habitat specificity - mu*taxa interaction","hab_spec:ClassElasmobranchii",0.0045583876979907,-0.00335386724691489,0.012655013386393,18000.0000000001,0.264444444444444,"fixed"
"rarity.hab.global.taxa.14","Habitat specificity - mu*taxa interaction","hab_spec:ClassMammalia",0.000504396282539673,-0.000974758273514453,0.00195910514958086,19768.5364026509,0.493777777777778,"fixed"
"rarity.hab.global.taxa.15","Habitat specificity - mu*taxa interaction","hab_spec:ClassReptilia",-0.000891760739369457,-0.00351827504346147,0.00173138148966245,18000,0.503333333333333,"fixed"
"rarity.hab.global.taxa.16","Habitat specificity - mu*taxa interaction","units",0.00303183685638346,0.00292952229681946,0.00313992789613049,16056.7107123365,NA,"residual"
"rarity.hab.global.var.1","Habitat specificity - weighted","(Intercept)",0.00179155502938937,-0.00269312231102958,0.00641582574462518,18000.0000000001,0.443333333333333,"fixed"
"rarity.hab.global.var.2","Habitat specificity - weighted","hab_spec",0.000397095730644611,-0.000111334287794307,0.000901507904927712,17999.9999999999,0.128111111111111,"fixed"
"rarity.hab.global.var.3","Habitat specificity - weighted","units",0.00309204742831934,0.00294439548342087,0.00325281476347786,13855.550827683,NA,"residual"
"rarity.hab.global2.1","Habitat specificity - slope","(Intercept)",0.00290656103038819,-0.00274791134870611,0.00852435186607181,18000.0000000001,0.317444444444444,"fixed"
"rarity.hab.global2.2","Habitat specificity - slope","hab_spec",0.000331834777251094,-0.000310015748254955,0.000967154031968676,18000,0.321222222222222,"fixed"
"rarity.hab.global2.3","Habitat specificity - slope","units",0.00847603597167808,0.00818078232263639,0.00877760337645838,16422.3827226663,NA,"residual"
"rarity.hab.global.sigma.1","Habitat specificity - fluctuations sigma","(Intercept)",0.0229957616671291,0.0206026291343733,0.0252977155032568,16595.7581539366,5.55555555555556e-05,"fixed"
"rarity.hab.global.sigma.2","Habitat specificity - fluctuations sigma","hab_spec",0.000203550501528228,-5.22093250765465e-05,0.000465783930849284,17781.6931776845,0.123333333333333,"fixed"
"rarity.hab.global.sigma.3","Habitat specificity - fluctuations sigma","units",0.00168285117273126,0.00162457089785015,0.00174503672583567,14046.82527885,NA,"residual"
"rarity.hab.global.ci.1","Habitat specificity - fluctuations CI","(Intercept)",0.125761659537182,0.117543420405127,0.133750972527196,18000,5.55555555555556e-05,"fixed"
"rarity.hab.global.ci.2","Habitat specificity - fluctuations CI","hab_spec",0.000753935059920007,-0.000168233833392151,0.00171231790591264,18000,0.116777777777778,"fixed"
"rarity.hab.global.ci.3","Habitat specificity - fluctuations CI","units",0.0118725906805783,0.0114385833871022,0.0122804358342608,18411.159765828,NA,"residual"
"rarity.hab.global.ci.var.1","Habitat specificity - fluctuations CI weighted","(Intercept)",0.140479739652143,0.129302207147703,0.150995147181675,17999.9999999999,5.55555555555556e-05,"fixed"
"rarity.hab.global.ci.var.2","Habitat specificity - fluctuations CI weighted","hab_spec",0.00117091561811255,-7.05122438375838e-05,0.00241508179169614,18000,0.0646666666666667,"fixed"
"rarity.hab.global.ci.var.3","Habitat specificity - fluctuations CI weighted","units",0.011374980185981,0.0108722344260214,0.0119167711782756,18131.350788935,NA,"residual"
"rarity.hab.global.se.1","Habitat specificity - fluctuations SE","(Intercept)",0.117016973864682,0.108120864000739,0.125848307616252,18000.0000000001,5.55555555555556e-05,"fixed"
"rarity.hab.global.se.2","Habitat specificity - fluctuations SE","hab_spec",0.00079796509893082,-0.000236022257013246,0.00186173664405942,18000.0000000001,0.138,"fixed"
"rarity.hab.global.se.3","Habitat specificity - fluctuations SE","units",0.0119474561236836,0.0115308456450115,0.0123650427707825,17483.5748271125,NA,"residual"
"rarity.hab.global.sd.1","Habitat specificity - fluctuations SD","(Intercept)",0.554925543711975,0.548815336333064,0.560827616980532,18000,5.55555555555556e-05,"fixed"
"rarity.hab.global.sd.2","Habitat specificity - fluctuations SD","hab_spec",0.0003259327649874,-0.000357075259671547,0.00101493792317342,16414.1398703009,0.348666666666667,"fixed"
"rarity.hab.global.sd.3","Habitat specificity - fluctuations SD","units",0.00783649764874331,0.00756528510108405,0.00810630383291458,18000,NA,"residual"
"IUCN.m.1","IUCN conservation status - mu","Red.List.statusLeast concern",0.00548309393291563,0.00322740332921967,0.0077214926641318,17999.9999999999,5.55555555555556e-05,"fixed"
"IUCN.m.2","IUCN conservation status - mu","Red.List.statusNear threatened",-0.00400869073906734,-0.0118149206973612,0.00378253125381889,18000,0.318555555555556,"fixed"
"IUCN.m.3","IUCN conservation status - mu","Red.List.statusVulnerable",0.00308155029846179,-0.00468236557208002,0.0104877135454444,18000.0000000001,0.426666666666667,"fixed"
"IUCN.m.4","IUCN conservation status - mu","Red.List.statusEndangered",-0.00358220675382693,-0.0128400584217161,0.00576070672104834,18000.0000000001,0.451555555555556,"fixed"
"IUCN.m.5","IUCN conservation status - mu","Red.List.statusCritically endangered",-0.0071944487541702,-0.0197241548739839,0.00523735869501252,18540.9779998735,0.258888888888889,"fixed"
"IUCN.m.6","IUCN conservation status - mu","units",0.00302856535011237,0.00292015610230905,0.00313507971418287,15496.6819701789,NA,"residual"
"IUCN.m.var.1","IUCN conservation status - weighted","Red.List.statusLeast concern",0.00690608551323438,0.00382452751728124,0.00990126308170147,18000,5.55555555555556e-05,"fixed"
"IUCN.m.var.2","IUCN conservation status - weighted","Red.List.statusNear threatened",0.00101730621328836,-0.00972289160927176,0.0114163138478034,18241.4239986167,0.852444444444444,"fixed"
"IUCN.m.var.3","IUCN conservation status - weighted","Red.List.statusVulnerable",0.00252765682861596,-0.00779540929943323,0.0125325482040353,17999.9999999999,0.626222222222222,"fixed"
"IUCN.m.var.4","IUCN conservation status - weighted","Red.List.statusEndangered",-0.00695392774134688,-0.0197021229978418,0.00595422569313087,17999.9999999999,0.291444444444444,"fixed"
"IUCN.m.var.5","IUCN conservation status - weighted","Red.List.statusCritically endangered",-0.0143515477052394,-0.0319279865580029,0.00361928950587753,18000,0.114,"fixed"
"IUCN.m.var.6","IUCN conservation status - weighted","units",0.00309531797010153,0.00294415955400612,0.00325219534750325,14284.7832635569,NA,"residual"
"IUCN.m2.1","IUCN conservation status - slope","Red.List.statusLeast concern",0.00851388951417684,0.00464676326373592,0.0124019653212599,18904.5862776138,5.55555555555556e-05,"fixed"
"IUCN.m2.2","IUCN conservation status - slope","Red.List.statusNear threatened",-0.0105315159197404,-0.023999345372431,0.0026046978746308,18000,0.121,"fixed"
"IUCN.m2.3","IUCN conservation status - slope","Red.List.statusVulnerable",0.00270660183688641,-0.0103122904110933,0.0158728792594047,16528.3268663484,0.684111111111111,"fixed"
"IUCN.m2.4","IUCN conservation status - slope","Red.List.statusEndangered",-0.00658703788654272,-0.0231821798079181,0.00871312461094931,18000,0.423,"fixed"
"IUCN.m2.5","IUCN conservation status - slope","Red.List.statusCritically endangered",-0.012558914350024,-0.0340153735778586,0.00909604772459716,18000,0.254222222222222,"fixed"
"IUCN.m2.6","IUCN conservation status - slope","units",0.00840813160739767,0.0081184518049038,0.00871359657233217,15930.5340765188,NA,"residual"
"IUCN.m.ci.sigma.1","IUCN conservation status - fluctuations sigma","Red.List.statusLeast concern",0.023160774039127,0.0216199053502351,0.0246521093597494,16755.9813205791,5.55555555555556e-05,"fixed"
"IUCN.m.ci.sigma.2","IUCN conservation status - fluctuations sigma","Red.List.statusNear threatened",0.0281330287833239,0.0227660007731174,0.0333715814194875,17565.4427906662,5.55555555555556e-05,"fixed"
"IUCN.m.ci.sigma.3","IUCN conservation status - fluctuations sigma","Red.List.statusVulnerable",0.0274502200898195,0.0221212910837494,0.0323833614156683,20080.7110934903,5.55555555555556e-05,"fixed"
"IUCN.m.ci.sigma.4","IUCN conservation status - fluctuations sigma","Red.List.statusEndangered",0.0320363414003493,0.0258563324459828,0.0385259046597639,18000,5.55555555555556e-05,"fixed"
"IUCN.m.ci.sigma.5","IUCN conservation status - fluctuations sigma","Red.List.statusCritically endangered",0.0392954443587904,0.0309104884800036,0.0480077556348988,18000,5.55555555555556e-05,"fixed"
"IUCN.m.ci.sigma.6","IUCN conservation status - fluctuations sigma","units",0.00168060674125639,0.00162039708617376,0.00173733561873367,13905.8908820772,NA,"residual"
"IUCN.m.ci.1","IUCN conservation status - fluctuations CI","Red.List.statusLeast concern",0.123512785889419,0.11802376525884,0.128774122034883,18000,5.55555555555556e-05,"fixed"
"IUCN.m.ci.2","IUCN conservation status - fluctuations CI","Red.List.statusNear threatened",0.152337738919505,0.134426490629266,0.170894149428932,18000,5.55555555555556e-05,"fixed"
"IUCN.m.ci.3","IUCN conservation status - fluctuations CI","Red.List.statusVulnerable",0.151172134538395,0.133716956523131,0.169050757947844,17075.7531198459,5.55555555555556e-05,"fixed"
"IUCN.m.ci.4","IUCN conservation status - fluctuations CI","Red.List.statusEndangered",0.167825184659696,0.146001154513215,0.189369585059467,20475.640206995,5.55555555555556e-05,"fixed"
"IUCN.m.ci.5","IUCN conservation status - fluctuations CI","Red.List.statusCritically endangered",0.177875623423193,0.150285363931289,0.20767483911186,18000.0000000001,5.55555555555556e-05,"fixed"
"IUCN.m.ci.6","IUCN conservation status - fluctuations CI","units",0.0119577302989921,0.0115403918834272,0.0123661622407757,17733.9550184941,NA,"residual"
"IUCN.m.ci.var.1","IUCN conservation status - fluctuations CI weighted","Red.List.statusLeast concern",0.14022370541528,0.132877727813138,0.147367795871105,17999.9999999999,5.55555555555556e-05,"fixed"
"IUCN.m.ci.var.2","IUCN conservation status - fluctuations CI weighted","Red.List.statusNear threatened",0.171865753505716,0.147188683258719,0.195708541883505,17244.4644017588,5.55555555555556e-05,"fixed"
"IUCN.m.ci.var.3","IUCN conservation status - fluctuations CI weighted","Red.List.statusVulnerable",0.171309098239756,0.147852557733131,0.194792117516045,18589.2009024261,5.55555555555556e-05,"fixed"
"IUCN.m.ci.var.4","IUCN conservation status - fluctuations CI weighted","Red.List.statusEndangered",0.193555151098183,0.16472455670737,0.221931203239365,18000,5.55555555555556e-05,"fixed"
"IUCN.m.ci.var.5","IUCN conservation status - fluctuations CI weighted","Red.List.statusCritically endangered",0.193034668774761,0.15503413672559,0.230750336093479,17999.9999999999,5.55555555555556e-05,"fixed"
"IUCN.m.ci.var.6","IUCN conservation status - fluctuations CI weighted","units",0.0115314104238097,0.0110023736960818,0.012050096830591,17086.0604317265,NA,"residual"
"IUCN.m.se.1","IUCN conservation status - fluctuations SE","Red.List.statusLeast concern",0.118728031506348,0.112802880743402,0.124772627576021,18000,5.55555555555556e-05,"fixed"
"IUCN.m.se.2","IUCN conservation status - fluctuations SE","Red.List.statusNear threatened",0.135167893999824,0.114473739507957,0.155588514287956,18000.0000000001,5.55555555555556e-05,"fixed"
"IUCN.m.se.3","IUCN conservation status - fluctuations SE","Red.List.statusVulnerable",0.12696263627164,0.106568718663766,0.146659141803866,18000.0000000001,5.55555555555556e-05,"fixed"
"IUCN.m.se.4","IUCN conservation status - fluctuations SE","Red.List.statusEndangered",0.142958047475365,0.119060828787042,0.167216174362693,17999.9999999999,5.55555555555556e-05,"fixed"
"IUCN.m.se.5","IUCN conservation status - fluctuations SE","Red.List.statusCritically endangered",0.148958154169496,0.116321133136807,0.179764699576481,17444.4805028897,5.55555555555556e-05,"fixed"
"IUCN.m.se.6","IUCN conservation status - fluctuations SE","units",0.0119018946611595,0.0115005934290472,0.012316925613719,18000,NA,"residual"
"IUCN.m.sd.1","IUCN conservation status - fluctuations SD","Red.List.statusLeast concern",0.550254023865381,0.546298591294999,0.554219496902078,18000,5.55555555555556e-05,"fixed"
"IUCN.m.sd.2","IUCN conservation status - fluctuations SD","Red.List.statusNear threatened",0.575030819159782,0.56145219973223,0.588576386857312,18000.0000000001,5.55555555555556e-05,"fixed"
"IUCN.m.sd.3","IUCN conservation status - fluctuations SD","Red.List.statusVulnerable",0.572561663101148,0.559304535272531,0.58585509857221,17618.1005614507,5.55555555555556e-05,"fixed"
"IUCN.m.sd.4","IUCN conservation status - fluctuations SD","Red.List.statusEndangered",0.595944868836763,0.580143226470682,0.612536097934935,17999.9999999999,5.55555555555556e-05,"fixed"
"IUCN.m.sd.5","IUCN conservation status - fluctuations SD","Red.List.statusCritically endangered",0.604310239067713,0.582369824449415,0.625490122929477,17543.5418667454,5.55555555555556e-05,"fixed"
"IUCN.m.sd.6","IUCN conservation status - fluctuations SD","units",0.00781403668623309,0.00754081112680392,0.00807886428015675,17153.4403387029,NA,"residual"
"threat.type.m.1","IUCN threat type - mu","titleFishing & harvesting aquatic resources",0.00465545034656609,-0.000492452483740635,0.0101558897003997,18000,0.0854444444444444,"fixed"
"threat.type.m.2","IUCN threat type - mu","titleHunting & trapping terrestrial animals",0.00507678508016804,-0.000292609649477527,0.0104512967932351,18000,0.068111111111111,"fixed"
"threat.type.m.3","IUCN threat type - mu","titleAnnual & perennial non-timber crops",0.0054025899454668,-0.000410464170272462,0.0117273303767433,18000,0.0804444444444445,"fixed"
"threat.type.m.4","IUCN threat type - mu","titleIntentional use (species is the target)",0.00495324733026923,-0.000810877128969878,0.0107471472292673,18000,0.0920000000000001,"fixed"
"threat.type.m.5","IUCN threat type - mu","titleHabitat shifting & alteration",0.00496608737840841,-0.000962892972893314,0.0107342506398709,18000.0000000001,0.0983333333333334,"fixed"
"threat.type.m.6","IUCN threat type - mu","titleHousing & urban areas",0.0041061835079508,-0.00217053297092207,0.0106254842830822,17915.8064414099,0.209666666666667,"fixed"
"threat.type.m.7","IUCN threat type - mu","titleUnintentional effects: (large scale) [harvest]",0.00394035558691928,-0.00205583339266013,0.0101720185557497,19228.2576963599,0.205222222222222,"fixed"
"threat.type.m.8","IUCN threat type - mu","titleIntentional use: (subsistence/small scale) [harvest]",0.0046115834662583,-0.00224278200039407,0.0116240580427984,18423.2773022009,0.192444444444444,"fixed"
"threat.type.m.9","IUCN threat type - mu","titleAgricultural & forestry effluents",0.00452744338801229,-0.00181200343649834,0.0108078796947666,18000,0.153222222222222,"fixed"
"threat.type.m.10","IUCN threat type - mu","titleIntentional use: (large scale) [harvest]",0.00414301301546075,-0.00305446799757192,0.0111616930043965,17575.1053286565,0.256888888888889,"fixed"
"threat.type.m.11","IUCN threat type - mu","units",0.00368870376014711,0.00358577501341405,0.00379785097521887,18000.0000000001,NA,"residual"
"threat.n.m.1","IUCN threat number - mu","(Intercept)",0.00398480225216592,-0.00141111375705805,0.00924048206070438,18000.0000000001,0.144777777777778,"fixed"
"threat.n.m.2","IUCN threat number - mu","n",8.60868520443545e-05,-0.00039470627962146,0.000563186487852363,17999.9999999999,0.726222222222222,"fixed"
"threat.n.m.3","IUCN threat number - mu","units",0.00407034444561511,0.00385517820365876,0.00428468438325489,16083.937360103,NA,"residual"
"threat.type.m.sigma.1","IUCN threat type - fluctuations sigma","titleFishing & harvesting aquatic resources",0.0325352056053041,0.028474274193286,0.0367231259588152,17468.1688223683,5.55555555555556e-05,"fixed"
"threat.type.m.sigma.2","IUCN threat type - fluctuations sigma","titleHunting & trapping terrestrial animals",0.0333739976852848,0.0292714016104583,0.037535165756708,17546.730284965,5.55555555555556e-05,"fixed"
"threat.type.m.sigma.3","IUCN threat type - fluctuations sigma","titleAnnual & perennial non-timber crops",0.0333963802785102,0.0288970553738181,0.0380986040036078,17224.5303400637,5.55555555555556e-05,"fixed"
"threat.type.m.sigma.4","IUCN threat type - fluctuations sigma","titleIntentional use (species is the target)",0.0333107789152767,0.0290611489253934,0.0377600864267151,17999.9999999999,5.55555555555556e-05,"fixed"
"threat.type.m.sigma.5","IUCN threat type - fluctuations sigma","titleHabitat shifting & alteration",0.0321929206504178,0.0276818532729521,0.0366220047726529,17548.0251845724,5.55555555555556e-05,"fixed"
"threat.type.m.sigma.6","IUCN threat type - fluctuations sigma","titleHousing & urban areas",0.0341239515777748,0.0293914143549046,0.038861462220666,18000,5.55555555555556e-05,"fixed"
"threat.type.m.sigma.7","IUCN threat type - fluctuations sigma","titleUnintentional effects: (large scale) [harvest]",0.0326538938044052,0.0279903239934356,0.0371947055245982,17133.5637366592,5.55555555555556e-05,"fixed"
"threat.type.m.sigma.8","IUCN threat type - fluctuations sigma","titleIntentional use: (subsistence/small scale) [harvest]",0.0326442887321581,0.02754507685313,0.0377823861781508,18000.0000000001,5.55555555555556e-05,"fixed"
"threat.type.m.sigma.9","IUCN threat type - fluctuations sigma","titleAgricultural & forestry effluents",0.0327470849912489,0.0281497341784416,0.0373814918129938,17570.8876617473,5.55555555555556e-05,"fixed"
"threat.type.m.sigma.10","IUCN threat type - fluctuations sigma","titleIntentional use: (large scale) [harvest]",0.0323349927696228,0.0269683245860506,0.0374265992286382,18000.0000000001,5.55555555555556e-05,"fixed"
"threat.type.m.sigma.11","IUCN threat type - fluctuations sigma","units",0.00157642844099402,0.00153179753245144,0.00162155010172002,18000.0000000001,NA,"residual"
"threat.n.m.sigma.1","IUCN threat number - fluctuations sigma","(Intercept)",0.0291262513166303,0.0259286686414271,0.0322420993761625,17077.8684366608,5.55555555555556e-05,"fixed"
"threat.n.m.sigma.2","IUCN threat number - fluctuations sigma","n",0.000100662322141795,-0.000181958281245898,0.000366727326763794,18000,0.474777777777778,"fixed"
"threat.n.m.sigma.3","IUCN threat number - fluctuations sigma","units",0.0021621694594654,0.00204862967330153,0.00228392020258388,7021.44431826906,NA,"residual"
